city,temperature,pressure,humidity
Roskilde,13.7135,1009.51,
Aalborg,24.4421,978.768,68.9251
Kolding,25.1716,1016.33,51.9448
Odense,21.8502,1010.16,57.7599
Koebenhavn,10.3108,997.229,85.2343
Horsens,-1.51955,1013.42,45.9492
Esbjerg,3.54122,982.768,77.2818
Esbjerg,11.5424,1024.22,60.0947
Randers,-8.65158,994.733,78.6653
Horsens,-3.08457,,84.9161
Odense,-5.79545,994.703,84.7106
Odense,-2.46864,1004.39,20.3598
Odense,24.0841,994.18,65.5448
Roskilde,-1.24611,1016.54,63.3817
Randers,18.4971,1001.77,64.9248
Kolding,12.9617,980.183,73.2856
Esbjerg,9.75662,976.277,49.5271
Kolding,23.242,993.622,54.1244
Randers,9.30982,986.697,55.6084
Odense,21.1563,997.969,48.1273
Roskilde,16.6021,1005.43,26.2881
Aarhus,27.639,1035.62,64.7052
Vejle,0.983411,1002.61,69.243
Koebenhavn,-3.13227,1010.36,95.9071
Horsens,10.8964,1035.12,89.8234
Odense,23.8115,993.382,34.5023
Odense,25.5767,1001,57.609
Koebenhavn,18.2318,1007.3,41.2735
Esbjerg,24.2188,971.591,89.0018
Kolding,9.77652,1037.19,95.4554
Horsens,11.6894,1038.28,67.3768
Kolding,15.2641,1020.06,46.1098
Roskilde,-1.78542,1009.79,29.4324
Horsens,29.698,970.997,63.2136
Aalborg,-5.12008,1036.01,33.4128
Esbjerg,-6.82792,1017.61,51.7165
Roskilde,-7.02853,1006.65,22.2018
Horsens,-1.15302,1035.09,40.1514
Aalborg,3.37194,1009.36,69.755
Esbjerg,0.474742,984.703,45.4159
Roskilde,18.6318,1035.42,62.8475
Horsens,27.0797,1034.16,25.3274
Aarhus,29.2836,1029.12,52.0451
Esbjerg,
Koebenhavn,-5.80112,1037.3,63.6666
Roskilde,0.703665,1017.55,77.4117
Roskilde,11.8053,1012.15,23.6485
Esbjerg,2.09996,974.311,32.2358
Randers,-7.13121,1020.42,88.4524
Odense,19.3519,1038.6,23.12
Aarhus,-6.55732,1004,75.7519
Aalborg,-5.18438,1006.41,90.8964
Koebenhavn,20.1005,1010.53,43.8228
Roskilde,7.41681,1037.85,20.4473
Kolding,-9.74358,1019.12,43.7757
Aalborg,21.6291,977.447,24.537
Odense,21.3793,1009.87,23.4827
Esbjerg,19.3384,986,49.2166
Randers,6.29471,989.033,46.8724
Aalborg,2.39164,996.895,35.0055
Koebenhavn,21.1359,1028.45,92.2075
Odense,-7.93841,979.031,48.1242
Aalborg,1.00542,1027.63,20.8883
Randers,14.7001,974.932,54.26
Kolding,7.91431,1031.29,76.66
Aalborg,22.7779,1030.41,63.4897
Kolding,23.6455,986.763,51.0651
Aalborg,13.1827,975.826,59.8417
Aalborg,-8.16992,979.787,83.3616
Koebenhavn,4.24881,978.337,24.0528
Randers,-7.874,973.79,48.9637
Roskilde,20.1034,1033.62,56.4184
Esbjerg,0.683908,983.105,37.6199
Koebenhavn,0.787402,1015.27,70.0195
Odense,21.9566,983.225,33.714
Roskilde,-0.273081,1020.93,77.9399
Koebenhavn,9.01269,998.66,98.7285
Kolding,-8.69595,1031.24,25.1919
Aarhus,25.3612,1037.55,24.8267
Randers,16.7405,973.409,24.7202
Esbjerg,-4.52944,1001.42,27.9994
Kolding,16.442,1004.59,33.4702
Aarhus,
Randers,-5.46356,986.993,77.5819
Randers,22.3775,1020.95,67.4813
Roskilde,29.1969,1012.28,33.0873
Kolding,-7.89518,1001.84,93.3396
Roskilde,3.06407,1018.49,45.1908
Odense,3.24975,1028.78,52.852
Aalborg,25.3588,1011.61,74.2904
Horsens,19.5694,1006.53,89.6567
Odense,26.7947,981.349,51.5522
Randers,8.35294,1009.04,22.1676
Esbjerg,-8.37516,996.405,42.6956
Kolding,7.20462,1000.35,51.529
Aalborg,29.2073,1027.52,78.3187
Randers,17.1298,983.815,90.3482
Vejle,27.6852,1034.49,93.7906
Odense,23.5864,1018.65,59.6167
Esbjerg,5.01457,988.75,25.9748
Horsens,28.5748,970.304,24.3785
Kolding,-6.71873,982.207,83.8589
Aalborg,1.36997,1015.61,80.7309
Vejle,15.275,1024.91,93.2188
Aalborg,-8.97609,1018.21,27.2953
Roskilde,24.3378,1023.07,31.6722
Randers,-8.60289,972.16,63.7349
Esbjerg,25.1495,985.819,28.6966
Vejle,13.9528,1013.97,56.5582
Odense,-6.37036,995.033,70.929
Aalborg,1.69384,993.499,87.9061
Horsens,17.0886,977.012,25.2907
Vejle,24.6636,1029.73,89.9661
Horsens,28.9356,972.387,24.0603
Horsens,29.0542,1033.42,64.0998
Roskilde,29.7132,1017.45,37.7294
Vejle,7.64559,971.751,25.1137
Horsens,-6.96293,987.58,93.0978
Odense,6.50006,974.589,90.8652
Koebenhavn,0.759817,1017.75,28.12
Horsens,12.8181,1021.24,75.0898
Aarhus,10.4342,1032.09,73.2694
Esbjerg,-9.22844,1039.24,44.2528
Aarhus,-4.37396,1022.97,76.1902
Kolding,22.8735,973.97,54.5106
Esbjerg,16.2471,978.407,96.0319
Esbjerg,20.6103,986.441,48.8205
Koebenhavn,23.5213,1004.76,36.6791
Randers,8.48275,990.885,45.5986
Vejle,22.2042,1035.74,hej
Roskilde,20.8991,970.356,39.1633
Esbjerg,-3.63386,1034.85,72.672
Koebenhavn,7.52005,1002.67,85.24
Vejle,4.031,976.494,31.1066
Odense,-0.0300519,1008.21,60.4405
Aarhus,25.1854,1015.84,93.393
Randers,29.4977,972.228,49.2183
Odense,17.1286,1035.19,60.8196
Aarhus,13.4272,984.909,58.9197
Kolding,-5.76951,995.411,43.5365
Roskilde,20.5086,980.257,20.1254
Randers,10.3629,983.919,61.9776
Roskilde,-1.28867,fejl,40.4353
Roskilde,-4.12053,982.373,65.2648
Kolding,-6.2501,995.121,20.6997
Esbjerg,29.1241,1026.92,63.8926
Randers,-0.750465,1028.07,56.942
Odense,17.1925,1005.89,54.0058
Esbjerg,11.8862,988.958,48.5908
Kolding,-4.04355,1033.25,51.3984
Vejle,-9.01304,976.186,54.0627
Aarhus,13.6337,999.508,54.7543
Kolding,4.19535,1030.6,27.1259
Koebenhavn,18.4565,1003.14,21.298
Aalborg,19.0553,1018.5,47.1683
Vejle,29.3384,992.465,66.3126
Esbjerg,19.0908,1012.1,88.1151
Kolding,22.3424,974.725,86.261
Esbjerg,3.46035,1010.48,31.7881
Kolding,16.4523,980.531,46.2566
Vejle,-2.98645,1036.46,56.5311
Kolding,19.2988,993.551,99.0821
Randers,20.0709,1016.37,84.4605
Odense,7.9166,1039.19,98.8176
Kolding,25.0828,973.627,51.8108
Roskilde,4.93223,1008.42,89.1379
Esbjerg,8.20912,1028.95,62.413
Kolding,0.58986,1024.39,40.3362
Odense,9.48565,972.754,91.6512
Aarhus,5.60008,981.82,27.3111
Randers,8.7094,982.136,64.814
Kolding,15.1532,989.145,75.4651
Aarhus,-6.80241,989.265,44.9923
Randers,16.6882,1019.36,21.091
Randers,3.60931,975.128,94.9644
Vejle,19.8591,996.409,96.21
Esbjerg,16.7443,1006.88,92.0875
Esbjerg,16.9306,990.609,72.1552
Horsens,9.63877,1037.03,61.1793
Horsens,4.41394,1020.6,77.3036
Aalborg,-6.16935,1030.15,46.2513
Vejle,-3.93482,985.371,58.2917
Aarhus,21.1068,
Esbjerg,19.5154,1037.66,25.2609
Roskilde,-0.10956,1035.34,48.4395
Horsens,4.39394,992.828,83.371
Roskilde,7.81308,1005.16,67.6645
Randers,19.4655,1015.86,86.2307
Randers,3.24574,1006.84,96.1801
Kolding,16.561,1019.19,43.3318
Aalborg,28.3069,982.227,49.0296
Horsens,22.5525,991.055,75.4462
Kolding,16.0092,982.707,95.1561
Horsens,19.9223,973.399,65.1023
Aalborg,-5.27068,999.803,70.155
Koebenhavn,13.7189,1015.91,21.8944
Kolding,25.8126,984.884,89.901
Kolding,24.9539,996.033,51.4731
Aalborg,-1.02788,1023.44,92.3845
Aalborg,-4.90981,996.448,44.6055
